{
    "left": {
        "top": 2.0385650580936296,
        "left": 41.18724761695676,
        "width": 3.5,
        "height": 5.5
    },
    "right": {
        "top": 1.8590433720624198,
        "left": 55.71177143050145,
        "width": 3.5,
        "height": 5.5
    },
    "leftPlayers": {
        "top": 2.2595591542959963,
        "left": 22.178137651821864,
        "width": 18,
        "height": 5.5
    },
    "rightPlayers": {
        "top": 2.619433198380567,
        "left": 60.12550607287449,
        "width": 18,
        "height": 5.5
    },
    "matchingThreshold": 0.8
}